Temperature (C),Pressure (MPa),Density (mol/l),Volume (l/mol),Internal Energy (kJ/mol),Enthalpy (kJ/mol),Entropy (J/mol*K),Cv (J/mol*K),Cp (J/mol*K),Sound Spd. (m/s),Joule-Thomson (K/MPa),Viscosity (uPa*s),Therm. Cond. (W/m*K),
50,0.1,54.844,0.018233,3.7709,3.7727,12.679,72.533,75.328,1542.6,-0.20625,546.52,0.64062,
50.25,0.1,54.838,0.018236,3.7897,3.7915,12.737,72.511,75.329,1542.8,-0.20611,544.23,0.6409,
50.5,0.1,54.832,0.018238,3.8086,3.8104,12.795,72.489,75.331,1543.1,-0.20596,541.96,0.64118,
50.75,0.1,54.825,0.01824,3.8274,3.8292,12.853,72.467,75.332,1543.4,-0.20582,539.71,0.64146,
51,0.1,54.819,0.018242,3.8462,3.848,12.911,72.445,75.333,1543.6,-0.20568,537.47,0.64173,
51.25,0.1,54.813,0.018244,3.865,3.8669,12.969,72.423,75.335,1543.9,-0.20554,535.24,0.64201,
51.5,0.1,54.806,0.018246,3.8839,3.8857,13.027,72.401,75.336,1544.2,-0.2054,533.03,0.64229,
51.75,0.1,54.8,0.018248,3.9027,3.9045,13.085,72.379,75.337,1544.4,-0.20526,530.84,0.64256,
52,0.1,54.793,0.01825,3.9216,3.9234,13.143,72.357,75.339,1544.7,-0.20512,528.66,0.64283,
52.25,0.1,54.787,0.018253,3.9404,3.9422,13.201,72.335,75.34,1544.9,-0.20498,526.5,0.6431,
52.5,0.1,54.78,0.018255,3.9592,3.961,13.259,72.313,75.342,1545.1,-0.20484,524.35,0.64337,
52.75,0.1,54.774,0.018257,3.9781,3.9799,13.317,72.29,75.343,1545.4,-0.2047,522.21,0.64364,
53,0.1,54.767,0.018259,3.9969,3.9987,13.375,72.268,75.345,1545.6,-0.20456,520.09,0.64391,
53.25,0.1,54.761,0.018261,4.0157,4.0176,13.432,72.246,75.346,1545.8,-0.20442,517.98,0.64418,
53.5,0.1,54.754,0.018263,4.0346,4.0364,13.49,72.224,75.348,1546.1,-0.20428,515.89,0.64444,
53.75,0.1,54.748,0.018266,4.0534,4.0552,13.548,72.201,75.349,1546.3,-0.20414,513.81,0.64471,
54,0.1,54.741,0.018268,4.0722,4.0741,13.605,72.179,75.351,1546.5,-0.204,511.75,0.64497,
54.25,0.1,54.734,0.01827,4.0911,4.0929,13.663,72.157,75.352,1546.7,-0.20386,509.7,0.64524,
54.5,0.1,54.728,0.018272,4.1099,4.1117,13.72,72.134,75.354,1547,-0.20372,507.66,0.6455,
54.75,0.1,54.721,0.018275,4.1288,4.1306,13.778,72.112,75.356,1547.2,-0.20358,505.64,0.64576,
55,0.1,54.714,0.018277,4.1476,4.1494,13.835,72.09,75.357,1547.4,-0.20344,503.62,0.64602,
55.25,0.1,54.708,0.018279,4.1664,4.1683,13.893,72.067,75.359,1547.6,-0.2033,501.63,0.64628,
55.5,0.1,54.701,0.018281,4.1853,4.1871,13.95,72.045,75.36,1547.8,-0.20316,499.64,0.64654,
55.75,0.1,54.694,0.018284,4.2041,4.2059,14.007,72.022,75.362,1548,-0.20302,497.67,0.64679,
56,0.1,54.687,0.018286,4.223,4.2248,14.065,72,75.364,1548.2,-0.20288,495.71,0.64705,
56.25,0.1,54.68,0.018288,4.2418,4.2436,14.122,71.977,75.365,1548.4,-0.20274,493.77,0.6473,
56.5,0.1,54.674,0.01829,4.2606,4.2625,14.179,71.955,75.367,1548.6,-0.20261,491.83,0.64756,
56.75,0.1,54.667,0.018293,4.2795,4.2813,14.236,71.932,75.369,1548.8,-0.20247,489.91,0.64781,
57,0.1,54.66,0.018295,4.2983,4.3001,14.293,71.91,75.371,1549,-0.20233,488,0.64806,
57.25,0.1,54.653,0.018297,4.3172,4.319,14.35,71.887,75.372,1549.1,-0.20219,486.11,0.64831,
57.5,0.1,54.646,0.0183,4.336,4.3378,14.407,71.864,75.374,1549.3,-0.20205,484.22,0.64856,
57.75,0.1,54.639,0.018302,4.3548,4.3567,14.464,71.842,75.376,1549.5,-0.20191,482.35,0.64881,
58,0.1,54.632,0.018304,4.3737,4.3755,14.521,71.819,75.378,1549.7,-0.20177,480.49,0.64906,
58.25,0.1,54.625,0.018307,4.3925,4.3944,14.578,71.796,75.38,1549.9,-0.20164,478.64,0.6493,
58.5,0.1,54.618,0.018309,4.4114,4.4132,14.635,71.774,75.382,1550,-0.2015,476.81,0.64955,
58.75,0.1,54.611,0.018311,4.4302,4.4321,14.692,71.751,75.383,1550.2,-0.20136,474.98,0.64979,
59,0.1,54.604,0.018314,4.4491,4.4509,14.749,71.728,75.385,1550.3,-0.20122,473.17,0.65004,
59.25,0.1,54.597,0.018316,4.4679,4.4697,14.805,71.706,75.387,1550.5,-0.20108,471.37,0.65028,
59.5,0.1,54.59,0.018318,4.4868,4.4886,14.862,71.683,75.389,1550.7,-0.20094,469.58,0.65052,
59.75,0.1,54.583,0.018321,4.5056,4.5074,14.919,71.66,75.391,1550.8,-0.20081,467.8,0.65076,
60,0.1,54.576,0.018323,4.5245,4.5263,14.975,71.637,75.393,1551,-0.20067,466.03,0.651,
60.25,0.1,54.569,0.018326,4.5433,4.5451,15.032,71.614,75.395,1551.1,-0.20053,464.28,0.65124,
60.5,0.1,54.561,0.018328,4.5622,4.564,15.088,71.591,75.397,1551.3,-0.20039,462.53,0.65148,
60.75,0.1,54.554,0.01833,4.581,4.5828,15.145,71.569,75.399,1551.4,-0.20026,460.8,0.65171,
61,0.1,54.547,0.018333,4.5999,4.6017,15.201,71.546,75.401,1551.5,-0.20012,459.08,0.65195,
61.25,0.1,54.54,0.018335,4.6187,4.6205,15.258,71.523,75.403,1551.7,-0.19998,457.36,0.65218,
61.5,0.1,54.532,0.018338,4.6376,4.6394,15.314,71.5,75.405,1551.8,-0.19984,455.66,0.65241,
61.75,0.1,54.525,0.01834,4.6564,4.6582,15.37,71.477,75.407,1551.9,-0.1997,453.97,0.65265,
62,0.1,54.518,0.018343,4.6753,4.6771,15.427,71.454,75.409,1552.1,-0.19957,452.29,0.65288,
62.25,0.1,54.511,0.018345,4.6941,4.6959,15.483,71.431,75.411,1552.2,-0.19943,450.62,0.65311,
62.5,0.1,54.503,0.018348,4.713,4.7148,15.539,71.408,75.414,1552.3,-0.19929,448.96,0.65334,
62.75,0.1,54.496,0.01835,4.7318,4.7337,15.595,71.385,75.416,1552.4,-0.19915,447.31,0.65356,
63,0.1,54.489,0.018352,4.7507,4.7525,15.651,71.362,75.418,1552.6,-0.19902,445.67,0.65379,
63.25,0.1,54.481,0.018355,4.7695,4.7714,15.707,71.339,75.42,1552.7,-0.19888,444.04,0.65402,
63.5,0.1,54.474,0.018357,4.7884,4.7902,15.763,71.316,75.422,1552.8,-0.19874,442.42,0.65424,
63.75,0.1,54.466,0.01836,4.8072,4.8091,15.819,71.293,75.424,1552.9,-0.19861,440.81,0.65447,
64,0.1,54.459,0.018362,4.8261,4.8279,15.875,71.27,75.427,1553,-0.19847,439.21,0.65469,
64.25,0.1,54.451,0.018365,4.845,4.8468,15.931,71.247,75.429,1553.1,-0.19833,437.62,0.65491,
64.5,0.1,54.444,0.018368,4.8638,4.8656,15.987,71.224,75.431,1553.2,-0.19819,436.04,0.65513,
64.75,0.1,54.436,0.01837,4.8827,4.8845,16.043,71.2,75.433,1553.3,-0.19806,434.46,0.65536,
65,0.1,54.429,0.018373,4.9015,4.9034,16.099,71.177,75.436,1553.4,-0.19792,432.9,0.65557,
65.25,0.1,54.421,0.018375,4.9204,4.9222,16.154,71.154,75.438,1553.5,-0.19778,431.35,0.65579,
65.5,0.1,54.414,0.018378,4.9392,4.9411,16.21,71.131,75.44,1553.6,-0.19764,429.81,0.65601,
65.75,0.1,54.406,0.01838,4.9581,4.9599,16.266,71.108,75.443,1553.7,-0.19751,428.27,0.65623,
66,0.1,54.399,0.018383,4.977,4.9788,16.321,71.085,75.445,1553.8,-0.19737,426.75,0.65644,
66.25,0.1,54.391,0.018385,4.9958,4.9977,16.377,71.061,75.448,1553.8,-0.19723,425.23,0.65666,
66.5,0.1,54.383,0.018388,5.0147,5.0165,16.433,71.038,75.45,1553.9,-0.1971,423.73,0.65687,
66.75,0.1,54.376,0.018391,5.0335,5.0354,16.488,71.015,75.452,1554,-0.19696,422.23,0.65708,
67,0.1,54.368,0.018393,5.0524,5.0543,16.544,70.992,75.455,1554.1,-0.19682,420.74,0.65729,
67.25,0.1,54.36,0.018396,5.0713,5.0731,16.599,70.968,75.457,1554.1,-0.19668,419.26,0.6575,
67.5,0.1,54.352,0.018398,5.0901,5.092,16.654,70.945,75.46,1554.2,-0.19655,417.79,0.65771,
67.75,0.1,54.345,0.018401,5.109,5.1108,16.71,70.922,75.462,1554.3,-0.19641,416.33,0.65792,
68,0.1,54.337,0.018404,5.1279,5.1297,16.765,70.899,75.465,1554.3,-0.19627,414.87,0.65813,
68.25,0.1,54.329,0.018406,5.1467,5.1486,16.82,70.875,75.467,1554.4,-0.19614,413.43,0.65834,
68.5,0.1,54.321,0.018409,5.1656,5.1674,16.876,70.852,75.47,1554.5,-0.196,411.99,0.65854,
68.75,0.1,54.314,0.018412,5.1845,5.1863,16.931,70.829,75.472,1554.5,-0.19586,410.56,0.65875,
69,0.1,54.306,0.018414,5.2033,5.2052,16.986,70.805,75.475,1554.6,-0.19572,409.14,0.65895,
69.25,0.1,54.298,0.018417,5.2222,5.2241,17.041,70.782,75.477,1554.6,-0.19559,407.73,0.65915,
69.5,0.1,54.29,0.01842,5.2411,5.2429,17.096,70.759,75.48,1554.7,-0.19545,406.33,0.65936,
69.75,0.1,54.282,0.018422,5.2599,5.2618,17.151,70.735,75.483,1554.7,-0.19531,404.93,0.65956,
70,0.1,54.274,0.018425,5.2788,5.2807,17.206,70.712,75.485,1554.7,-0.19518,403.55,0.65976,
70.25,0.1,54.266,0.018428,5.2977,5.2995,17.261,70.688,75.488,1554.8,-0.19504,402.17,0.65996,
70.5,0.1,54.258,0.01843,5.3166,5.3184,17.316,70.665,75.491,1554.8,-0.1949,400.8,0.66015,
70.75,0.1,54.25,0.018433,5.3354,5.3373,17.371,70.642,75.493,1554.9,-0.19476,399.43,0.66035,
71,0.1,54.242,0.018436,5.3543,5.3562,17.426,70.618,75.496,1554.9,-0.19463,398.08,0.66055,
71.25,0.1,54.234,0.018439,5.3732,5.375,17.481,70.595,75.499,1554.9,-0.19449,396.73,0.66074,
71.5,0.1,54.226,0.018441,5.3921,5.3939,17.536,70.571,75.501,1554.9,-0.19435,395.39,0.66094,
71.75,0.1,54.218,0.018444,5.4109,5.4128,17.59,70.548,75.504,1555,-0.19421,394.06,0.66113,
72,0.1,54.21,0.018447,5.4298,5.4317,17.645,70.524,75.507,1555,-0.19408,392.74,0.66132,
72.25,0.1,54.202,0.018449,5.4487,5.4505,17.7,70.501,75.51,1555,-0.19394,391.42,0.66152,
72.5,0.1,54.194,0.018452,5.4676,5.4694,17.754,70.477,75.513,1555,-0.1938,390.11,0.66171,
72.75,0.1,54.186,0.018455,5.4864,5.4883,17.809,70.454,75.515,1555,-0.19367,388.81,0.6619,
73,0.1,54.178,0.018458,5.5053,5.5072,17.863,70.43,75.518,1555.1,-0.19353,387.51,0.66208,
73.25,0.1,54.17,0.018461,5.5242,5.526,17.918,70.407,75.521,1555.1,-0.19339,386.23,0.66227,
73.5,0.1,54.161,0.018463,5.5431,5.5449,17.972,70.383,75.524,1555.1,-0.19325,384.95,0.66246,
73.75,0.1,54.153,0.018466,5.562,5.5638,18.027,70.36,75.527,1555.1,-0.19312,383.67,0.66264,
74,0.1,54.145,0.018469,5.5808,5.5827,18.081,70.336,75.53,1555.1,-0.19298,382.41,0.66283,
74.25,0.1,54.137,0.018472,5.5997,5.6016,18.136,70.313,75.533,1555.1,-0.19284,381.15,0.66301,
74.5,0.1,54.129,0.018475,5.6186,5.6205,18.19,70.289,75.536,1555.1,-0.1927,379.9,0.6632,
74.75,0.1,54.12,0.018477,5.6375,5.6393,18.244,70.266,75.539,1555.1,-0.19256,378.65,0.66338,
75,0.1,54.112,0.01848,5.6564,5.6582,18.299,70.242,75.542,1555.1,-0.19243,377.42,0.66356,
75.25,0.1,54.104,0.018483,5.6753,5.6771,18.353,70.219,75.545,1555.1,-0.19229,376.18,0.66374,
75.5,0.1,54.095,0.018486,5.6941,5.696,18.407,70.195,75.548,1555,-0.19215,374.96,0.66392,
75.75,0.1,54.087,0.018489,5.713,5.7149,18.461,70.172,75.551,1555,-0.19201,373.74,0.6641,
76,0.1,54.079,0.018492,5.7319,5.7338,18.515,70.148,75.554,1555,-0.19188,372.53,0.66428,
76.25,0.1,54.07,0.018494,5.7508,5.7527,18.569,70.124,75.557,1555,-0.19174,371.33,0.66445,
76.5,0.1,54.062,0.018497,5.7697,5.7716,18.623,70.101,75.56,1555,-0.1916,370.13,0.66463,
76.75,0.1,54.054,0.0185,5.7886,5.7904,18.677,70.077,75.563,1555,-0.19146,368.94,0.6648,
77,0.1,54.045,0.018503,5.8075,5.8093,18.731,70.054,75.566,1554.9,-0.19132,367.76,0.66498,
77.25,0.1,54.037,0.018506,5.8264,5.8282,18.785,70.03,75.57,1554.9,-0.19118,366.58,0.66515,
77.5,0.1,54.028,0.018509,5.8453,5.8471,18.839,70.007,75.573,1554.9,-0.19105,365.41,0.66532,
77.75,0.1,54.02,0.018512,5.8642,5.866,18.893,69.983,75.576,1554.8,-0.19091,364.25,0.66549,
78,0.1,54.011,0.018515,5.8831,5.8849,18.947,69.959,75.579,1554.8,-0.19077,363.09,0.66566,
78.25,0.1,54.003,0.018518,5.902,5.9038,19.001,69.936,75.582,1554.8,-0.19063,361.94,0.66583,
78.5,0.1,53.994,0.018521,5.9208,5.9227,19.054,69.912,75.586,1554.7,-0.19049,360.79,0.666,
78.75,0.1,53.986,0.018523,5.9397,5.9416,19.108,69.888,75.589,1554.7,-0.19035,359.65,0.66617,
79,0.1,53.977,0.018526,5.9586,5.9605,19.162,69.865,75.592,1554.6,-0.19022,358.52,0.66634,
79.25,0.1,53.968,0.018529,5.9775,5.9794,19.215,69.841,75.596,1554.6,-0.19008,357.39,0.6665,
79.5,0.1,53.96,0.018532,5.9964,5.9983,19.269,69.818,75.599,1554.5,-0.18994,356.27,0.66667,
79.75,0.1,53.951,0.018535,6.0153,6.0172,19.323,69.794,75.602,1554.5,-0.1898,355.16,0.66683,
80,0.1,53.943,0.018538,6.0342,6.0361,19.376,69.77,75.606,1554.4,-0.18966,354.05,0.66699,
80.25,0.1,53.934,0.018541,6.0531,6.055,19.43,69.747,75.609,1554.4,-0.18952,352.95,0.66716,
80.5,0.1,53.925,0.018544,6.072,6.0739,19.483,69.723,75.613,1554.3,-0.18938,351.85,0.66732,
80.75,0.1,53.917,0.018547,6.0909,6.0928,19.537,69.699,75.616,1554.3,-0.18924,350.76,0.66748,
81,0.1,53.908,0.01855,6.1098,6.1117,19.59,69.676,75.619,1554.2,-0.1891,349.67,0.66764,
81.25,0.1,53.899,0.018553,6.1288,6.1306,19.643,69.652,75.623,1554.1,-0.18896,348.6,0.6678,
81.5,0.1,53.89,0.018556,6.1477,6.1495,19.697,69.628,75.626,1554.1,-0.18882,347.52,0.66795,
81.75,0.1,53.882,0.018559,6.1666,6.1684,19.75,69.605,75.63,1554,-0.18868,346.45,0.66811,
82,0.1,53.873,0.018562,6.1855,6.1873,19.803,69.581,75.633,1553.9,-0.18855,345.39,0.66827,
82.25,0.1,53.864,0.018565,6.2044,6.2062,19.856,69.558,75.637,1553.8,-0.18841,344.34,0.66842,
82.5,0.1,53.855,0.018568,6.2233,6.2251,19.91,69.534,75.641,1553.8,-0.18827,343.28,0.66857,
82.75,0.1,53.846,0.018571,6.2422,6.2441,19.963,69.51,75.644,1553.7,-0.18813,342.24,0.66873,
83,0.1,53.838,0.018574,6.2611,6.263,20.016,69.487,75.648,1553.6,-0.18799,341.2,0.66888,
83.25,0.1,53.829,0.018577,6.28,6.2819,20.069,69.463,75.651,1553.5,-0.18785,340.17,0.66903,
83.5,0.1,53.82,0.018581,6.2989,6.3008,20.122,69.439,75.655,1553.4,-0.18771,339.14,0.66918,
83.75,0.1,53.811,0.018584,6.3179,6.3197,20.175,69.416,75.659,1553.3,-0.18757,338.11,0.66933,
84,0.1,53.802,0.018587,6.3368,6.3386,20.228,69.392,75.663,1553.3,-0.18743,337.09,0.66948,
84.25,0.1,53.793,0.01859,6.3557,6.3575,20.281,69.368,75.666,1553.2,-0.18729,336.08,0.66963,
84.5,0.1,53.784,0.018593,6.3746,6.3765,20.334,69.345,75.67,1553.1,-0.18714,335.07,0.66978,
84.75,0.1,53.775,0.018596,6.3935,6.3954,20.387,69.321,75.674,1553,-0.187,334.07,0.66992,
85,0.1,53.766,0.018599,6.4124,6.4143,20.44,69.297,75.678,1552.9,-0.18686,333.08,0.67007,
85.25,0.1,53.757,0.018602,6.4314,6.4332,20.492,69.274,75.681,1552.8,-0.18672,332.08,0.67021,
85.5,0.1,53.748,0.018605,6.4503,6.4521,20.545,69.25,75.685,1552.7,-0.18658,331.1,0.67035,
85.75,0.1,53.739,0.018608,6.4692,6.4711,20.598,69.226,75.689,1552.6,-0.18644,330.11,0.6705,
86,0.1,53.73,0.018612,6.4881,6.49,20.651,69.203,75.693,1552.5,-0.1863,329.14,0.67064,
86.25,0.1,53.721,0.018615,6.507,6.5089,20.703,69.179,75.697,1552.3,-0.18616,328.17,0.67078,
86.5,0.1,53.712,0.018618,6.526,6.5278,20.756,69.155,75.701,1552.2,-0.18602,327.2,0.67092,
86.75,0.1,53.703,0.018621,6.5449,6.5468,20.809,69.132,75.705,1552.1,-0.18588,326.24,0.67106,
87,0.1,53.694,0.018624,6.5638,6.5657,20.861,69.108,75.709,1552,-0.18573,325.28,0.6712,
87.25,0.1,53.684,0.018627,6.5827,6.5846,20.914,69.085,75.713,1551.9,-0.18559,324.33,0.67133,
87.5,0.1,53.675,0.018631,6.6017,6.6035,20.966,69.061,75.717,1551.8,-0.18545,323.38,0.67147,
87.75,0.1,53.666,0.018634,6.6206,6.6225,21.019,69.037,75.721,1551.6,-0.18531,322.44,0.67161,
88,0.1,53.657,0.018637,6.6395,6.6414,21.071,69.014,75.725,1551.5,-0.18517,321.5,0.67174,
88.25,0.1,53.648,0.01864,6.6585,6.6603,21.124,68.99,75.729,1551.4,-0.18502,320.57,0.67187,
88.5,0.1,53.639,0.018643,6.6774,6.6793,21.176,68.966,75.733,1551.3,-0.18488,319.64,0.67201,
88.75,0.1,53.629,0.018647,6.6963,6.6982,21.228,68.943,75.737,1551.1,-0.18474,318.72,0.67214,
89,0.1,53.62,0.01865,6.7153,6.7171,21.281,68.919,75.741,1551,-0.1846,317.8,0.67227,
89.25,0.1,53.611,0.018653,6.7342,6.7361,21.333,68.895,75.745,1550.9,-0.18446,316.89,0.6724,
89.5,0.1,53.601,0.018656,6.7531,6.755,21.385,68.872,75.75,1550.7,-0.18431,315.98,0.67253,
89.75,0.1,53.592,0.018659,6.7721,6.7739,21.437,68.848,75.754,1550.6,-0.18417,315.07,0.67266,
90,0.1,53.583,0.018663,6.791,6.7929,21.489,68.825,75.758,1550.4,-0.18403,314.17,0.67279,
90.25,0.1,53.573,0.018666,6.81,6.8118,21.542,68.801,75.762,1550.3,-0.18388,313.28,0.67291,
90.5,0.1,53.564,0.018669,6.8289,6.8308,21.594,68.777,75.766,1550.2,-0.18374,312.39,0.67304,
90.75,0.1,53.555,0.018672,6.8478,6.8497,21.646,68.754,75.771,1550,-0.1836,311.5,0.67317,
91,0.1,53.545,0.018676,6.8668,6.8686,21.698,68.73,75.775,1549.9,-0.18345,310.62,0.67329,
91.25,0.1,53.536,0.018679,6.8857,6.8876,21.75,68.707,75.779,1549.7,-0.18331,309.74,0.67341,
91.5,0.1,53.527,0.018682,6.9047,6.9065,21.802,68.683,75.784,1549.6,-0.18317,308.87,0.67354,
91.75,0.1,53.517,0.018686,6.9236,6.9255,21.854,68.659,75.788,1549.4,-0.18302,308,0.67366,
92,0.1,53.508,0.018689,6.9426,6.9444,21.906,68.636,75.793,1549.2,-0.18288,307.14,0.67378,
92.25,0.1,53.498,0.018692,6.9615,6.9634,21.957,68.612,75.797,1549.1,-0.18273,306.27,0.6739,
92.5,0.1,53.489,0.018696,6.9805,6.9823,22.009,68.589,75.802,1548.9,-0.18259,305.42,0.67402,
92.75,0.1,53.479,0.018699,6.9994,7.0013,22.061,68.565,75.806,1548.8,-0.18245,304.57,0.67414,
93,0.1,53.47,0.018702,7.0184,7.0202,22.113,68.542,75.811,1548.6,-0.1823,303.72,0.67426,
93.25,0.1,53.46,0.018706,7.0373,7.0392,22.165,68.518,75.815,1548.4,-0.18216,302.88,0.67437,
93.5,0.1,53.451,0.018709,7.0563,7.0581,22.216,68.495,75.82,1548.3,-0.18201,302.04,0.67449,
93.75,0.1,53.441,0.018712,7.0752,7.0771,22.268,68.471,75.824,1548.1,-0.18187,301.2,0.6746,
94,0.1,53.431,0.018716,7.0942,7.0961,22.32,68.447,75.829,1547.9,-0.18172,300.37,0.67472,
94.25,0.1,53.422,0.018719,7.1131,7.115,22.371,68.424,75.833,1547.7,-0.18158,299.54,0.67483,
94.5,0.1,53.412,0.018722,7.1321,7.134,22.423,68.4,75.838,1547.6,-0.18143,298.72,0.67494,
94.75,0.1,53.403,0.018726,7.1511,7.1529,22.474,68.377,75.843,1547.4,-0.18129,297.9,0.67506,
95,0.1,53.393,0.018729,7.17,7.1719,22.526,68.353,75.847,1547.2,-0.18114,297.09,0.67517,
95.25,0.1,53.383,0.018732,7.189,7.1909,22.577,68.33,75.852,1547,-0.18099,296.27,0.67528,
95.5,0.1,53.374,0.018736,7.2079,7.2098,22.629,68.306,75.857,1546.8,-0.18085,295.47,0.67539,
95.75,0.1,53.364,0.018739,7.2269,7.2288,22.68,68.283,75.862,1546.6,-0.1807,294.66,0.67549,
96,0.1,53.354,0.018743,7.2459,7.2477,22.732,68.259,75.866,1546.5,-0.18055,293.86,0.6756,
96.25,0.1,53.344,0.018746,7.2648,7.2667,22.783,68.236,75.871,1546.3,-0.18041,293.07,0.67571,
96.5,0.1,53.335,0.01875,7.2838,7.2857,22.834,68.212,75.876,1546.1,-0.18026,292.28,0.67581,
96.75,0.1,53.325,0.018753,7.3028,7.3047,22.886,68.189,75.881,1545.9,-0.18011,291.49,0.67592,
97,0.1,53.315,0.018756,7.3217,7.3236,22.937,68.165,75.886,1545.7,-0.17997,290.7,0.67602,
97.25,0.1,53.305,0.01876,7.3407,7.3426,22.988,68.142,75.891,1545.5,-0.17982,289.92,0.67613,
97.5,0.1,53.295,0.018763,7.3597,7.3616,23.039,68.119,75.896,1545.3,-0.17967,289.15,0.67623,
97.75,0.1,53.286,0.018767,7.3787,7.3805,23.091,68.095,75.901,1545.1,-0.17953,288.37,0.67633,
98,0.1,53.276,0.01877,7.3976,7.3995,23.142,68.072,75.906,1544.9,-0.17938,287.61,0.67643,
98.25,0.1,53.266,0.018774,7.4166,7.4185,23.193,68.048,75.911,1544.7,-0.17923,286.84,0.67653,
98.5,0.1,53.256,0.018777,7.4356,7.4375,23.244,68.025,75.916,1544.4,-0.17908,286.08,0.67663,
98.75,0.1,53.246,0.018781,7.4546,7.4565,23.295,68.001,75.921,1544.2,-0.17893,285.32,0.67673,
99,0.1,53.236,0.018784,7.4736,7.4754,23.346,67.978,75.926,1544,-0.17879,284.56,0.67683,
99.25,0.1,53.226,0.018788,7.4925,7.4944,23.397,67.955,75.931,1543.8,-0.17864,283.81,0.67692,
99.5,0.1,53.216,0.018791,7.5115,7.5134,23.448,67.931,75.936,1543.6,-0.17849,283.07,0.67702,
99.606,0.1,53.212,0.018793,7.5196,7.5214,23.47,67.921,75.938,1543.5,-0.17843,282.75,0.67706,
99.606,0.1,0.032769,30.517,45.138,48.19,132.57,28.01,37.444,471.99,67.038,12.218,0.024532,
99.75,0.1,0.032755,30.529,45.142,48.195,132.59,28.001,37.432,472.1,66.891,12.224,0.024544,
100,0.1,0.032732,30.551,45.15,48.205,132.61,27.987,37.411,472.28,66.638,12.234,0.024564,
100.25,0.1,0.032708,30.574,45.157,48.214,132.64,27.972,37.39,472.46,66.387,12.243,0.024585,
100.5,0.1,0.032684,30.596,45.164,48.223,132.66,27.958,37.37,472.63,66.138,12.253,0.024606,
100.75,0.1,0.032661,30.618,45.171,48.233,132.69,27.944,37.35,472.81,65.891,12.263,0.024626,
101,0.1,0.032637,30.64,45.178,48.242,132.71,27.93,37.331,472.99,65.647,12.272,0.024647,
101.25,0.1,0.032614,30.662,45.185,48.251,132.74,27.917,37.311,473.17,65.405,12.282,0.024668,
101.5,0.1,0.03259,30.684,45.192,48.261,132.76,27.903,37.292,473.35,65.165,12.291,0.024689,
101.75,0.1,0.032567,30.706,45.199,48.27,132.79,27.89,37.274,473.52,64.927,12.301,0.024709,
102,0.1,0.032543,30.728,45.206,48.279,132.81,27.878,37.255,473.7,64.691,12.311,0.02473,
102.25,0.1,0.03252,30.75,45.214,48.289,132.84,27.865,37.237,473.88,64.456,12.32,0.024751,
102.5,0.1,0.032497,30.773,45.221,48.298,132.86,27.853,37.219,474.05,64.224,12.33,0.024772,
102.75,0.1,0.032473,30.795,45.228,48.307,132.89,27.84,37.202,474.23,63.994,12.34,0.024792,
103,0.1,0.03245,30.817,45.235,48.317,132.91,27.828,37.184,474.4,63.765,12.349,0.024813,
103.25,0.1,0.032427,30.839,45.242,48.326,132.93,27.816,37.167,474.58,63.538,12.359,0.024834,
103.5,0.1,0.032404,30.861,45.249,48.335,132.96,27.805,37.15,474.75,63.313,12.369,0.024855,
103.75,0.1,0.032381,30.883,45.256,48.344,132.98,27.793,37.133,474.93,63.09,12.378,0.024875,
104,0.1,0.032357,30.905,45.263,48.354,133.01,27.782,37.117,475.1,62.868,12.388,0.024896,
104.25,0.1,0.032334,30.927,45.27,48.363,133.03,27.771,37.101,475.28,62.648,12.398,0.024917,
104.5,0.1,0.032311,30.949,45.277,48.372,133.06,27.76,37.085,475.45,62.429,12.407,0.024938,
104.75,0.1,0.032288,30.971,45.284,48.382,133.08,27.749,37.069,475.63,62.212,12.417,0.024959,
105,0.1,0.032265,30.993,45.291,48.391,133.11,27.738,37.053,475.8,61.997,12.426,0.024979,
105.25,0.1,0.032243,31.015,45.299,48.4,133.13,27.728,37.038,475.97,61.783,12.436,0.025,
105.5,0.1,0.03222,31.037,45.306,48.409,133.16,27.717,37.023,476.15,61.571,12.446,0.025021,
105.75,0.1,0.032197,31.059,45.313,48.419,133.18,27.707,37.008,476.32,61.36,12.455,0.025042,
106,0.1,0.032174,31.081,45.32,48.428,133.2,27.697,36.993,476.49,61.151,12.465,0.025063,
106.25,0.1,0.032151,31.103,45.327,48.437,133.23,27.687,36.978,476.66,60.943,12.475,0.025084,
106.5,0.1,0.032129,31.125,45.334,48.446,133.25,27.677,36.964,476.84,60.736,12.484,0.025104,
106.75,0.1,0.032106,31.147,45.341,48.456,133.28,27.668,36.949,477.01,60.531,12.494,0.025125,
107,0.1,0.032083,31.169,45.348,48.465,133.3,27.658,36.935,477.18,60.327,12.504,0.025146,
107.25,0.1,0.032061,31.191,45.355,48.474,133.33,27.649,36.921,477.35,60.125,12.514,0.025167,
107.5,0.1,0.032038,31.213,45.362,48.483,133.35,27.64,36.907,477.52,59.924,12.523,0.025188,
107.75,0.1,0.032016,31.235,45.369,48.492,133.37,27.63,36.894,477.69,59.724,12.533,0.025209,
108,0.1,0.031993,31.257,45.376,48.502,133.4,27.621,36.88,477.86,59.525,12.543,0.02523,
108.25,0.1,0.031971,31.279,45.383,48.511,133.42,27.612,36.867,478.03,59.328,12.552,0.025251,
108.5,0.1,0.031948,31.3,45.39,48.52,133.45,27.604,36.854,478.21,59.132,12.562,0.025271,
108.75,0.1,0.031926,31.322,45.397,48.529,133.47,27.595,36.841,478.38,58.937,12.572,0.025292,
109,0.1,0.031904,31.344,45.404,48.539,133.5,27.586,36.828,478.55,58.743,12.581,0.025313,
109.25,0.1,0.031881,31.366,45.411,48.548,133.52,27.578,36.815,478.72,58.551,12.591,0.025334,
109.5,0.1,0.031859,31.388,45.418,48.557,133.54,27.57,36.803,478.89,58.359,12.601,0.025355,
109.75,0.1,0.031837,31.41,45.425,48.566,133.57,27.561,36.79,479.06,58.169,12.61,0.025376,
110,0.1,0.031815,31.432,45.432,48.575,133.59,27.553,36.778,479.22,57.98,12.62,0.025397,
110.25,0.1,0.031793,31.454,45.439,48.585,133.62,27.545,36.766,479.39,57.792,12.63,0.025418,
110.5,0.1,0.03177,31.476,45.446,48.594,133.64,27.537,36.754,479.56,57.605,12.639,0.025439,
110.75,0.1,0.031748,31.498,45.453,48.603,133.66,27.529,36.742,479.73,57.419,12.649,0.02546,
111,0.1,0.031726,31.52,45.46,48.612,133.69,27.522,36.73,479.9,57.234,12.659,0.025481,
111.25,0.1,0.031704,31.541,45.467,48.621,133.71,27.514,36.718,480.07,57.05,12.669,0.025502,
111.5,0.1,0.031682,31.563,45.474,48.63,133.74,27.506,36.707,480.24,56.868,12.678,0.025523,
111.75,0.1,0.03166,31.585,45.481,48.64,133.76,27.499,36.695,480.41,56.686,12.688,0.025544,
112,0.1,0.031639,31.607,45.488,48.649,133.78,27.491,36.684,480.57,56.505,12.698,0.025565,
112.25,0.1,0.031617,31.629,45.495,48.658,133.81,27.484,36.673,480.74,56.326,12.707,0.025586,
112.5,0.1,0.031595,31.651,45.502,48.667,133.83,27.477,36.661,480.91,56.147,12.717,0.025607,
112.75,0.1,0.031573,31.673,45.509,48.676,133.85,27.47,36.65,481.08,55.969,12.727,0.025628,
113,0.1,0.031551,31.694,45.516,48.685,133.88,27.463,36.64,481.24,55.793,12.737,0.025649,
113.25,0.1,0.03153,31.716,45.523,48.695,133.9,27.456,36.629,481.41,55.617,12.746,0.02567,
113.5,0.1,0.031508,31.738,45.53,48.704,133.93,27.449,36.618,481.58,55.442,12.756,0.025691,
113.75,0.1,0.031486,31.76,45.537,48.713,133.95,27.442,36.608,481.75,55.268,12.766,0.025712,
114,0.1,0.031465,31.782,45.544,48.722,133.97,27.435,36.597,481.91,55.095,12.775,0.025733,
114.25,0.1,0.031443,31.804,45.551,48.731,134,27.428,36.587,482.08,54.923,12.785,0.025754,
114.5,0.1,0.031421,31.825,45.558,48.74,134.02,27.422,36.576,482.25,54.752,12.795,0.025775,
114.75,0.1,0.0314,31.847,45.565,48.749,134.04,27.415,36.566,482.41,54.582,12.805,0.025796,
115,0.1,0.031378,31.869,45.572,48.759,134.07,27.409,36.556,482.58,54.412,12.814,0.025817,
115.25,0.1,0.031357,31.891,45.579,48.768,134.09,27.402,36.546,482.74,54.244,12.824,0.025838,
115.5,0.1,0.031336,31.913,45.586,48.777,134.11,27.396,36.536,482.91,54.076,12.834,0.02586,
115.75,0.1,0.031314,31.934,45.593,48.786,134.14,27.39,36.527,483.08,53.909,12.844,0.025881,
116,0.1,0.031293,31.956,45.6,48.795,134.16,27.384,36.517,483.24,53.743,12.853,0.025902,
116.25,0.1,0.031272,31.978,45.606,48.804,134.18,27.378,36.507,483.41,53.578,12.863,0.025923,
116.5,0.1,0.03125,32,45.613,48.813,134.21,27.372,36.498,483.57,53.414,12.873,0.025944,
116.75,0.1,0.031229,32.022,45.62,48.823,134.23,27.366,36.488,483.74,53.25,12.883,0.025965,
117,0.1,0.031208,32.043,45.627,48.832,134.25,27.36,36.479,483.9,53.088,12.892,0.025986,
117.25,0.1,0.031187,32.065,45.634,48.841,134.28,27.354,36.47,484.07,52.926,12.902,0.026007,
117.5,0.1,0.031165,32.087,45.641,48.85,134.3,27.348,36.461,484.23,52.765,12.912,0.026029,
117.75,0.1,0.031144,32.109,45.648,48.859,134.32,27.342,36.452,484.4,52.605,12.922,0.02605,
118,0.1,0.031123,32.13,45.655,48.868,134.35,27.337,36.443,484.56,52.445,12.931,0.026071,
118.25,0.1,0.031102,32.152,45.662,48.877,134.37,27.331,36.434,484.73,52.286,12.941,0.026092,
118.5,0.1,0.031081,32.174,45.669,48.886,134.39,27.326,36.425,484.89,52.128,12.951,0.026113,
118.75,0.1,0.03106,32.196,45.676,48.895,134.42,27.32,36.416,485.05,51.971,12.961,0.026134,
119,0.1,0.031039,32.217,45.683,48.905,134.44,27.315,36.407,485.22,51.815,12.97,0.026156,
119.25,0.1,0.031018,32.239,45.69,48.914,134.46,27.309,36.399,485.38,51.659,12.98,0.026177,
119.5,0.1,0.030997,32.261,45.697,48.923,134.49,27.304,36.39,485.55,51.504,12.99,0.026198,
119.75,0.1,0.030976,32.283,45.704,48.932,134.51,27.299,36.382,485.71,51.35,13,0.026219,
120,0.1,0.030956,32.304,45.711,48.941,134.53,27.293,36.373,485.87,51.196,13.009,0.02624,
120.25,0.1,0.030935,32.326,45.717,48.95,134.56,27.288,36.365,486.04,51.044,13.019,0.026262,
120.5,0.1,0.030914,32.348,45.724,48.959,134.58,27.283,36.357,486.2,50.892,13.029,0.026283,
120.75,0.1,0.030893,32.369,45.731,48.968,134.6,27.278,36.349,486.36,50.74,13.039,0.026304,
121,0.1,0.030873,32.391,45.738,48.977,134.63,27.273,36.341,486.53,50.59,13.048,0.026325,
121.25,0.1,0.030852,32.413,45.745,48.986,134.65,27.268,36.333,486.69,50.44,13.058,0.026347,
121.5,0.1,0.030831,32.435,45.752,48.995,134.67,27.263,36.325,486.85,50.291,13.068,0.026368,
121.75,0.1,0.030811,32.456,45.759,49.005,134.69,27.259,36.317,487.01,50.142,13.078,0.026389,
122,0.1,0.03079,32.478,45.766,49.014,134.72,27.254,36.309,487.18,49.994,13.088,0.026411,
122.25,0.1,0.03077,32.5,45.773,49.023,134.74,27.249,36.301,487.34,49.847,13.097,0.026432,
122.5,0.1,0.030749,32.521,45.78,49.032,134.76,27.244,36.294,487.5,49.701,13.107,0.026453,
122.75,0.1,0.030728,32.543,45.787,49.041,134.79,27.24,36.286,487.66,49.555,13.117,0.026474,
123,0.1,0.030708,32.565,45.793,49.05,134.81,27.235,36.278,487.83,49.41,13.127,0.026496,
123.25,0.1,0.030688,32.586,45.8,49.059,134.83,27.231,36.271,487.99,49.265,13.136,0.026517,
123.5,0.1,0.030667,32.608,45.807,49.068,134.86,27.226,36.264,488.15,49.121,13.146,0.026538,
123.75,0.1,0.030647,32.63,45.814,49.077,134.88,27.222,36.256,488.31,48.978,13.156,0.02656,
124,0.1,0.030626,32.651,45.821,49.086,134.9,27.217,36.249,488.47,48.835,13.166,0.026581,
124.25,0.1,0.030606,32.673,45.828,49.095,134.92,27.213,36.242,488.63,48.693,13.176,0.026602,
124.5,0.1,0.030586,32.695,45.835,49.104,134.95,27.209,36.235,488.8,48.552,13.185,0.026624,
124.75,0.1,0.030566,32.716,45.842,49.113,134.97,27.204,36.228,488.96,48.411,13.195,0.026645,
125,0.1,0.030545,32.738,45.849,49.122,134.99,27.2,36.22,489.12,48.271,13.205,0.026667,
125.25,0.1,0.030525,32.76,45.855,49.131,135.01,27.196,36.214,489.28,48.132,13.215,0.026688,
125.5,0.1,0.030505,32.781,45.862,49.141,135.04,27.192,36.207,489.44,47.993,13.225,0.026709,
125.75,0.1,0.030485,32.803,45.869,49.15,135.06,27.188,36.2,489.6,47.855,13.234,0.026731,
126,0.1,0.030465,32.825,45.876,49.159,135.08,27.184,36.193,489.76,47.717,13.244,0.026752,
126.25,0.1,0.030445,32.846,45.883,49.168,135.11,27.18,36.186,489.92,47.581,13.254,0.026774,
126.5,0.1,0.030425,32.868,45.89,49.177,135.13,27.176,36.18,490.08,47.444,13.264,0.026795,
126.75,0.1,0.030405,32.89,45.897,49.186,135.15,27.172,36.173,490.24,47.308,13.274,0.026816,
127,0.1,0.030385,32.911,45.904,49.195,135.17,27.168,36.166,490.4,47.173,13.283,0.026838,
127.25,0.1,0.030365,32.933,45.911,49.204,135.2,27.164,36.16,490.56,47.039,13.293,0.026859,
127.5,0.1,0.030345,32.954,45.917,49.213,135.22,27.16,36.153,490.72,46.905,13.303,0.026881,
127.75,0.1,0.030325,32.976,45.924,49.222,135.24,27.156,36.147,490.88,46.771,13.313,0.026902,
128,0.1,0.030305,32.998,45.931,49.231,135.26,27.153,36.141,491.04,46.638,13.323,0.026924,
128.25,0.1,0.030285,33.019,45.938,49.24,135.29,27.149,36.134,491.2,46.506,13.333,0.026945,
128.5,0.1,0.030265,33.041,45.945,49.249,135.31,27.145,36.128,491.36,46.374,13.342,0.026967,
128.75,0.1,0.030246,33.063,45.952,49.258,135.33,27.142,36.122,491.52,46.243,13.352,0.026988,
129,0.1,0.030226,33.084,45.959,49.267,135.35,27.138,36.116,491.68,46.113,13.362,0.02701,
129.25,0.1,0.030206,33.106,45.966,49.276,135.38,27.135,36.11,491.84,45.983,13.372,0.027031,
129.5,0.1,0.030187,33.127,45.972,49.285,135.4,27.131,36.104,492,45.853,13.382,0.027053,
129.75,0.1,0.030167,33.149,45.979,49.294,135.42,27.128,36.098,492.16,45.724,13.391,0.027074,
130,0.1,0.030147,33.171,45.986,49.303,135.44,27.124,36.092,492.32,45.596,13.401,0.027096,
130.25,0.1,0.030128,33.192,45.993,49.312,135.47,27.121,36.086,492.48,45.468,13.411,0.027117,
130.5,0.1,0.030108,33.214,46,49.321,135.49,27.118,36.08,492.64,45.341,13.421,0.027139,
130.75,0.1,0.030088,33.235,46.007,49.33,135.51,27.114,36.074,492.79,45.214,13.431,0.02716,
131,0.1,0.030069,33.257,46.014,49.339,135.53,27.111,36.069,492.95,45.088,13.441,0.027182,
131.25,0.1,0.030049,33.278,46.02,49.348,135.56,27.108,36.063,493.11,44.962,13.45,0.027203,
131.5,0.1,0.03003,33.3,46.027,49.357,135.58,27.105,36.057,493.27,44.837,13.46,0.027225,
131.75,0.1,0.030011,33.322,46.034,49.366,135.6,27.101,36.052,493.43,44.713,13.47,0.027247,
132,0.1,0.029991,33.343,46.041,49.375,135.62,27.098,36.046,493.59,44.589,13.48,0.027268,
132.25,0.1,0.029972,33.365,46.048,49.384,135.64,27.095,36.041,493.74,44.465,13.49,0.02729,
132.5,0.1,0.029952,33.386,46.055,49.393,135.67,27.092,36.035,493.9,44.342,13.5,0.027311,
132.75,0.1,0.029933,33.408,46.062,49.402,135.69,27.089,36.03,494.06,44.22,13.51,0.027333,
133,0.1,0.029914,33.429,46.068,49.411,135.71,27.086,36.025,494.22,44.098,13.519,0.027355,
133.25,0.1,0.029895,33.451,46.075,49.42,135.73,27.083,36.019,494.37,43.976,13.529,0.027376,
133.5,0.1,0.029875,33.473,46.082,49.429,135.76,27.08,36.014,494.53,43.855,13.539,0.027398,
133.75,0.1,0.029856,33.494,46.089,49.438,135.78,27.077,36.009,494.69,43.735,13.549,0.027419,
134,0.1,0.029837,33.516,46.096,49.447,135.8,27.074,36.004,494.85,43.615,13.559,0.027441,
134.25,0.1,0.029818,33.537,46.103,49.456,135.82,27.072,35.999,495,43.495,13.569,0.027463,
134.5,0.1,0.029799,33.559,46.11,49.465,135.84,27.069,35.994,495.16,43.376,13.579,0.027484,
134.75,0.1,0.029779,33.58,46.116,49.474,135.87,27.066,35.988,495.32,43.258,13.588,0.027506,
135,0.1,0.02976,33.602,46.123,49.483,135.89,27.063,35.984,495.48,43.14,13.598,0.027528,
135.25,0.1,0.029741,33.623,46.13,49.492,135.91,27.061,35.979,495.63,43.022,13.608,0.027549,
135.5,0.1,0.029722,33.645,46.137,49.501,135.93,27.058,35.974,495.79,42.905,13.618,0.027571,
135.75,0.1,0.029703,33.666,46.144,49.51,135.95,27.055,35.969,495.95,42.788,13.628,0.027593,
136,0.1,0.029684,33.688,46.151,49.519,135.98,27.053,35.964,496.1,42.672,13.638,0.027615,
136.25,0.1,0.029665,33.709,46.157,49.528,136,27.05,35.959,496.26,42.557,13.648,0.027636,
136.5,0.1,0.029646,33.731,46.164,49.537,136.02,27.048,35.955,496.42,42.442,13.657,0.027658,
136.75,0.1,0.029628,33.752,46.171,49.546,136.04,27.045,35.95,496.57,42.327,13.667,0.02768,
137,0.1,0.029609,33.774,46.178,49.555,136.06,27.043,35.945,496.73,42.213,13.677,0.027702,
137.25,0.1,0.02959,33.795,46.185,49.564,136.09,27.04,35.941,496.88,42.099,13.687,0.027723,
137.5,0.1,0.029571,33.817,46.192,49.573,136.11,27.038,35.936,497.04,41.986,13.697,0.027745,
137.75,0.1,0.029552,33.838,46.198,49.582,136.13,27.035,35.931,497.2,41.873,13.707,0.027767,
138,0.1,0.029533,33.86,46.205,49.591,136.15,27.033,35.927,497.35,41.761,13.717,0.027789,
138.25,0.1,0.029515,33.881,46.212,49.6,136.17,27.031,35.923,497.51,41.649,13.727,0.02781,
138.5,0.1,0.029496,33.903,46.219,49.609,136.19,27.028,35.918,497.66,41.537,13.736,0.027832,
138.75,0.1,0.029477,33.924,46.226,49.618,136.22,27.026,35.914,497.82,41.426,13.746,0.027854,
139,0.1,0.029459,33.946,46.233,49.627,136.24,27.024,35.909,497.97,41.316,13.756,0.027876,
139.25,0.1,0.02944,33.967,46.239,49.636,136.26,27.022,35.905,498.13,41.206,13.766,0.027898,
139.5,0.1,0.029421,33.989,46.246,49.645,136.28,27.019,35.901,498.29,41.096,13.776,0.027919,
139.75,0.1,0.029403,34.01,46.253,49.654,136.3,27.017,35.897,498.44,40.987,13.786,0.027941,
140,0.1,0.029384,34.032,46.26,49.663,136.33,27.015,35.893,498.6,40.878,13.796,0.027963,
140.25,0.1,0.029366,34.053,46.267,49.672,136.35,27.013,35.888,498.75,40.77,13.806,0.027985,
140.5,0.1,0.029347,34.075,46.274,49.681,136.37,27.011,35.884,498.91,40.662,13.816,0.028007,
140.75,0.1,0.029329,34.096,46.28,49.69,136.39,27.009,35.88,499.06,40.554,13.825,0.028029,
141,0.1,0.02931,34.118,46.287,49.699,136.41,27.007,35.876,499.22,40.447,13.835,0.02805,
141.25,0.1,0.029292,34.139,46.294,49.708,136.43,27.005,35.872,499.37,40.341,13.845,0.028072,
141.5,0.1,0.029273,34.161,46.301,49.717,136.46,27.003,35.868,499.52,40.234,13.855,0.028094,
141.75,0.1,0.029255,34.182,46.308,49.726,136.48,27.001,35.864,499.68,40.129,13.865,0.028116,
142,0.1,0.029237,34.204,46.314,49.735,136.5,26.999,35.86,499.83,40.023,13.875,0.028138,
142.25,0.1,0.029218,34.225,46.321,49.744,136.52,26.997,35.857,499.99,39.918,13.885,0.02816,
142.5,0.1,0.0292,34.247,46.328,49.753,136.54,26.995,35.853,500.14,39.814,13.895,0.028182,
142.75,0.1,0.029182,34.268,46.335,49.762,136.56,26.993,35.849,500.3,39.71,13.905,0.028204,
143,0.1,0.029163,34.289,46.342,49.771,136.58,26.991,35.845,500.45,39.606,13.915,0.028226,
143.25,0.1,0.029145,34.311,46.349,49.78,136.61,26.989,35.842,500.6,39.503,13.924,0.028248,
143.5,0.1,0.029127,34.332,46.355,49.789,136.63,26.988,35.838,500.76,39.4,13.934,0.02827,
143.75,0.1,0.029109,34.354,46.362,49.798,136.65,26.986,35.834,500.91,39.297,13.944,0.028292,
144,0.1,0.029091,34.375,46.369,49.806,136.67,26.984,35.831,501.07,39.195,13.954,0.028314,
144.25,0.1,0.029073,34.397,46.376,49.815,136.69,26.982,35.827,501.22,39.094,13.964,0.028335,
144.5,0.1,0.029054,34.418,46.383,49.824,136.71,26.981,35.824,501.37,38.992,13.974,0.028357,
144.75,0.1,0.029036,34.44,46.389,49.833,136.74,26.979,35.82,501.53,38.891,13.984,0.028379,
145,0.1,0.029018,34.461,46.396,49.842,136.76,26.977,35.817,501.68,38.791,13.994,0.028401,
145.25,0.1,0.029,34.482,46.403,49.851,136.78,26.976,35.813,501.83,38.691,14.004,0.028423,
145.5,0.1,0.028982,34.504,46.41,49.86,136.8,26.974,35.81,501.99,38.591,14.014,0.028445,
145.75,0.1,0.028964,34.525,46.417,49.869,136.82,26.973,35.806,502.14,38.492,14.024,0.028467,
146,0.1,0.028946,34.547,46.423,49.878,136.84,26.971,35.803,502.29,38.393,14.033,0.02849,
146.25,0.1,0.028928,34.568,46.43,49.887,136.86,26.97,35.8,502.45,38.294,14.043,0.028512,
146.5,0.1,0.02891,34.59,46.437,49.896,136.88,26.968,35.796,502.6,38.196,14.053,0.028534,
146.75,0.1,0.028893,34.611,46.444,49.905,136.91,26.967,35.793,502.75,38.099,14.063,0.028556,
147,0.1,0.028875,34.632,46.451,49.914,136.93,26.965,35.79,502.9,38.001,14.073,0.028578,
147.25,0.1,0.028857,34.654,46.457,49.923,136.95,26.964,35.787,503.06,37.904,14.083,0.0286,
147.5,0.1,0.028839,34.675,46.464,49.932,136.97,26.962,35.784,503.21,37.807,14.093,0.028622,
147.75,0.1,0.028821,34.697,46.471,49.941,136.99,26.961,35.781,503.36,37.711,14.103,0.028644,
148,0.1,0.028803,34.718,46.478,49.95,137.01,26.96,35.777,503.51,37.615,14.113,0.028666,
148.25,0.1,0.028786,34.739,46.485,49.959,137.03,26.958,35.774,503.67,37.52,14.123,0.028688,
148.5,0.1,0.028768,34.761,46.492,49.968,137.05,26.957,35.771,503.82,37.425,14.133,0.02871,
148.75,0.1,0.02875,34.782,46.498,49.977,137.08,26.956,35.768,503.97,37.33,14.143,0.028732,
149,0.1,0.028733,34.804,46.505,49.985,137.1,26.954,35.765,504.12,37.235,14.153,0.028754,
149.25,0.1,0.028715,34.825,46.512,49.994,137.12,26.953,35.762,504.27,37.141,14.163,0.028777,
149.5,0.1,0.028697,34.846,46.519,50.003,137.14,26.952,35.76,504.43,37.048,14.173,0.028799,
149.75,0.1,0.02868,34.868,46.526,50.012,137.16,26.951,35.757,504.58,36.954,14.182,0.028821,
150,0.1,0.028662,34.889,46.532,50.021,137.18,26.949,35.754,504.73,36.861,14.192,0.028843,
150.25,0.1,0.028645,34.911,46.539,50.03,137.2,26.948,35.751,504.88,36.769,14.202,0.028865,
150.5,0.1,0.028627,34.932,46.546,50.039,137.22,26.947,35.748,505.03,36.676,14.212,0.028887,
150.75,0.1,0.028609,34.953,46.553,50.048,137.25,26.946,35.745,505.18,36.584,14.222,0.02891,
151,0.1,0.028592,34.975,46.56,50.057,137.27,26.945,35.743,505.34,36.493,14.232,0.028932,
151.25,0.1,0.028575,34.996,46.566,50.066,137.29,26.944,35.74,505.49,36.402,14.242,0.028954,
151.5,0.1,0.028557,35.018,46.573,50.075,137.31,26.943,35.737,505.64,36.311,14.252,0.028976,
151.75,0.1,0.02854,35.039,46.58,50.084,137.33,26.942,35.735,505.79,36.22,14.262,0.028998,
152,0.1,0.028522,35.06,46.587,50.093,137.35,26.941,35.732,505.94,36.13,14.272,0.029021,
152.25,0.1,0.028505,35.082,46.593,50.102,137.37,26.94,35.729,506.09,36.04,14.282,0.029043,
152.5,0.1,0.028488,35.103,46.6,50.111,137.39,26.939,35.727,506.24,35.951,14.292,0.029065,
152.75,0.1,0.02847,35.124,46.607,50.12,137.41,26.938,35.724,506.39,35.861,14.302,0.029087,
153,0.1,0.028453,35.146,46.614,50.128,137.43,26.937,35.722,506.54,35.773,14.312,0.02911,
153.25,0.1,0.028436,35.167,46.621,50.137,137.46,26.936,35.719,506.7,35.684,14.322,0.029132,
153.5,0.1,0.028418,35.189,46.627,50.146,137.48,26.935,35.717,506.85,35.596,14.332,0.029154,
153.75,0.1,0.028401,35.21,46.634,50.155,137.5,26.934,35.714,507,35.508,14.342,0.029176,
154,0.1,0.028384,35.231,46.641,50.164,137.52,26.933,35.712,507.15,35.421,14.352,0.029199,
154.25,0.1,0.028367,35.253,46.648,50.173,137.54,26.932,35.71,507.3,35.333,14.362,0.029221,
154.5,0.1,0.028349,35.274,46.655,50.182,137.56,26.931,35.707,507.45,35.247,14.372,0.029243,
154.75,0.1,0.028332,35.295,46.661,50.191,137.58,26.931,35.705,507.6,35.16,14.382,0.029266,
155,0.1,0.028315,35.317,46.668,50.2,137.6,26.93,35.703,507.75,35.074,14.392,0.029288,
155.25,0.1,0.028298,35.338,46.675,50.209,137.62,26.929,35.7,507.9,34.988,14.402,0.02931,
155.5,0.1,0.028281,35.359,46.682,50.218,137.64,26.928,35.698,508.05,34.902,14.411,0.029332,
155.75,0.1,0.028264,35.381,46.689,50.227,137.66,26.927,35.696,508.2,34.817,14.421,0.029355,
156,0.1,0.028247,35.402,46.695,50.236,137.68,26.927,35.694,508.35,34.732,14.431,0.029377,
156.25,0.1,0.02823,35.423,46.702,50.244,137.71,26.926,35.691,508.5,34.648,14.441,0.0294,
156.5,0.1,0.028213,35.445,46.709,50.253,137.73,26.925,35.689,508.65,34.563,14.451,0.029422,
156.75,0.1,0.028196,35.466,46.716,50.262,137.75,26.925,35.687,508.8,34.479,14.461,0.029444,
157,0.1,0.028179,35.487,46.723,50.271,137.77,26.924,35.685,508.95,34.396,14.471,0.029467,
157.25,0.1,0.028162,35.509,46.729,50.28,137.79,26.923,35.683,509.1,34.312,14.481,0.029489,
157.5,0.1,0.028145,35.53,46.736,50.289,137.81,26.923,35.681,509.25,34.229,14.491,0.029511,
157.75,0.1,0.028128,35.551,46.743,50.298,137.83,26.922,35.679,509.4,34.146,14.501,0.029534,
158,0.1,0.028111,35.573,46.75,50.307,137.85,26.921,35.677,509.54,34.064,14.511,0.029556,
158.25,0.1,0.028095,35.594,46.756,50.316,137.87,26.921,35.675,509.69,33.982,14.521,0.029579,
158.5,0.1,0.028078,35.615,46.763,50.325,137.89,26.92,35.673,509.84,33.9,14.531,0.029601,
158.75,0.1,0.028061,35.637,46.77,50.334,137.91,26.92,35.671,509.99,33.819,14.541,0.029624,
159,0.1,0.028044,35.658,46.777,50.343,137.93,26.919,35.669,510.14,33.737,14.551,0.029646,
159.25,0.1,0.028027,35.679,46.784,50.352,137.95,26.919,35.667,510.29,33.656,14.561,0.029668,
159.5,0.1,0.028011,35.701,46.79,50.36,137.97,26.918,35.665,510.44,33.576,14.571,0.029691,
159.75,0.1,0.027994,35.722,46.797,50.369,138,26.918,35.663,510.59,33.495,14.581,0.029713,
160,0.1,0.027977,35.743,46.804,50.378,138.02,26.917,35.661,510.74,33.415,14.591,0.029736,
160.25,0.1,0.027961,35.765,46.811,50.387,138.04,26.917,35.66,510.88,33.336,14.601,0.029758,
160.5,0.1,0.027944,35.786,46.818,50.396,138.06,26.917,35.658,511.03,33.256,14.611,0.029781,
160.75,0.1,0.027927,35.807,46.824,50.405,138.08,26.916,35.656,511.18,33.177,14.621,0.029803,
161,0.1,0.027911,35.829,46.831,50.414,138.1,26.916,35.654,511.33,33.098,14.631,0.029826,
161.25,0.1,0.027894,35.85,46.838,50.423,138.12,26.915,35.653,511.48,33.019,14.641,0.029848,
161.5,0.1,0.027877,35.871,46.845,50.432,138.14,26.915,35.651,511.63,32.941,14.651,0.029871,
161.75,0.1,0.027861,35.893,46.851,50.441,138.16,26.915,35.649,511.77,32.863,14.661,0.029893,
162,0.1,0.027844,35.914,46.858,50.45,138.18,26.914,35.648,511.92,32.785,14.671,0.029916,
162.25,0.1,0.027828,35.935,46.865,50.459,138.2,26.914,35.646,512.07,32.708,14.681,0.029939,
162.5,0.1,0.027811,35.957,46.872,50.467,138.22,26.914,35.644,512.22,32.631,14.691,0.029961,
162.75,0.1,0.027795,35.978,46.879,50.476,138.24,26.913,35.643,512.37,32.554,14.701,0.029984,
163,0.1,0.027778,35.999,46.885,50.485,138.26,26.913,35.641,512.51,32.477,14.711,0.030006,
163.25,0.1,0.027762,36.02,46.892,50.494,138.28,26.913,35.64,512.66,32.401,14.721,0.030029,
163.5,0.1,0.027746,36.042,46.899,50.503,138.3,26.913,35.638,512.81,32.325,14.731,0.030051,
163.75,0.1,0.027729,36.063,46.906,50.512,138.32,26.912,35.637,512.96,32.249,14.741,0.030074,
164,0.1,0.027713,36.084,46.912,50.521,138.34,26.912,35.635,513.11,32.173,14.751,0.030097,
164.25,0.1,0.027697,36.106,46.919,50.53,138.36,26.912,35.634,513.25,32.098,14.761,0.030119,
164.5,0.1,0.02768,36.127,46.926,50.539,138.38,26.912,35.632,513.4,32.023,14.771,0.030142,
164.75,0.1,0.027664,36.148,46.933,50.548,138.4,26.912,35.631,513.55,31.948,14.781,0.030164,
165,0.1,0.027648,36.169,46.94,50.557,138.42,26.912,35.629,513.69,31.874,14.791,0.030187,
165.25,0.1,0.027631,36.191,46.946,50.565,138.45,26.911,35.628,513.84,31.8,14.801,0.03021,
165.5,0.1,0.027615,36.212,46.953,50.574,138.47,26.911,35.627,513.99,31.726,14.811,0.030232,
165.75,0.1,0.027599,36.233,46.96,50.583,138.49,26.911,35.625,514.14,31.652,14.821,0.030255,
166,0.1,0.027583,36.255,46.967,50.592,138.51,26.911,35.624,514.28,31.579,14.831,0.030278,
166.25,0.1,0.027567,36.276,46.973,50.601,138.53,26.911,35.623,514.43,31.505,14.841,0.0303,
166.5,0.1,0.02755,36.297,46.98,50.61,138.55,26.911,35.621,514.58,31.433,14.851,0.030323,
166.75,0.1,0.027534,36.318,46.987,50.619,138.57,26.911,35.62,514.72,31.36,14.861,0.030346,
167,0.1,0.027518,36.34,46.994,50.628,138.59,26.911,35.619,514.87,31.288,14.871,0.030368,
167.25,0.1,0.027502,36.361,47.001,50.637,138.61,26.911,35.618,515.02,31.215,14.882,0.030391,
167.5,0.1,0.027486,36.382,47.007,50.646,138.63,26.911,35.616,515.16,31.144,14.892,0.030414,
167.75,0.1,0.02747,36.403,47.014,50.654,138.65,26.911,35.615,515.31,31.072,14.902,0.030437,
168,0.1,0.027454,36.425,47.021,50.663,138.67,26.911,35.614,515.46,31.001,14.912,0.030459,
168.25,0.1,0.027438,36.446,47.028,50.672,138.69,26.911,35.613,515.6,30.93,14.922,0.030482,
168.5,0.1,0.027422,36.467,47.034,50.681,138.71,26.911,35.612,515.75,30.859,14.932,0.030505,
168.75,0.1,0.027406,36.489,47.041,50.69,138.73,26.911,35.611,515.9,30.788,14.942,0.030528,
169,0.1,0.02739,36.51,47.048,50.699,138.75,26.911,35.61,516.04,30.718,14.952,0.03055,
169.25,0.1,0.027374,36.531,47.055,50.708,138.77,26.911,35.608,516.19,30.648,14.962,0.030573,
169.5,0.1,0.027358,36.552,47.062,50.717,138.79,26.911,35.607,516.33,30.578,14.972,0.030596,
169.75,0.1,0.027342,36.574,47.068,50.726,138.81,26.911,35.606,516.48,30.508,14.982,0.030619,
170,0.1,0.027326,36.595,47.075,50.735,138.83,26.911,35.605,516.63,30.439,14.992,0.030642,
170.25,0.1,0.02731,36.616,47.082,50.743,138.85,26.912,35.604,516.77,30.37,15.002,0.030664,
170.5,0.1,0.027295,36.637,47.089,50.752,138.87,26.912,35.603,516.92,30.301,15.012,0.030687,
170.75,0.1,0.027279,36.659,47.095,50.761,138.89,26.912,35.602,517.06,30.232,15.022,0.03071,
171,0.1,0.027263,36.68,47.102,50.77,138.91,26.912,35.601,517.21,30.164,15.032,0.030733,
171.25,0.1,0.027247,36.701,47.109,50.779,138.93,26.912,35.6,517.35,30.095,15.042,0.030756,
171.5,0.1,0.027231,36.722,47.116,50.788,138.95,26.912,35.6,517.5,30.028,15.052,0.030779,
171.75,0.1,0.027216,36.744,47.123,50.797,138.97,26.913,35.599,517.65,29.96,15.062,0.030801,
172,0.1,0.0272,36.765,47.129,50.806,138.99,26.913,35.598,517.79,29.892,15.072,0.030824,
172.25,0.1,0.027184,36.786,47.136,50.815,139.01,26.913,35.597,517.94,29.825,15.082,0.030847,
172.5,0.1,0.027168,36.807,47.143,50.824,139.03,26.913,35.596,518.08,29.758,15.092,0.03087,
172.75,0.1,0.027153,36.829,47.15,50.832,139.05,26.914,35.595,518.23,29.691,15.102,0.030893,
173,0.1,0.027137,36.85,47.156,50.841,139.07,26.914,35.594,518.37,29.625,15.112,0.030916,
173.25,0.1,0.027122,36.871,47.163,50.85,139.09,26.914,35.594,518.52,29.559,15.123,0.030939,
173.5,0.1,0.027106,36.892,47.17,50.859,139.11,26.914,35.593,518.66,29.492,15.133,0.030962,
173.75,0.1,0.02709,36.914,47.177,50.868,139.13,26.915,35.592,518.81,29.427,15.143,0.030984,
174,0.1,0.027075,36.935,47.184,50.877,139.15,26.915,35.591,518.95,29.361,15.153,0.031007,
174.25,0.1,0.027059,36.956,47.19,50.886,139.17,26.915,35.591,519.1,29.296,15.163,0.03103,
174.5,0.1,0.027044,36.977,47.197,50.895,139.19,26.916,35.59,519.24,29.23,15.173,0.031053,
174.75,0.1,0.027028,36.998,47.204,50.904,139.21,26.916,35.589,519.39,29.165,15.183,0.031076,
175,0.1,0.027013,37.02,47.211,50.913,139.23,26.916,35.588,519.53,29.101,15.193,0.031099,
175.25,0.1,0.026997,37.041,47.217,50.921,139.25,26.917,35.588,519.68,29.036,15.203,0.031122,
175.5,0.1,0.026982,37.062,47.224,50.93,139.27,26.917,35.587,519.82,28.972,15.213,0.031145,
175.75,0.1,0.026966,37.083,47.231,50.939,139.29,26.918,35.586,519.96,28.908,15.223,0.031168,
176,0.1,0.026951,37.105,47.238,50.948,139.31,26.918,35.586,520.11,28.844,15.233,0.031191,
176.25,0.1,0.026935,37.126,47.244,50.957,139.33,26.918,35.585,520.25,28.78,15.243,0.031214,
176.5,0.1,0.02692,37.147,47.251,50.966,139.35,26.919,35.585,520.4,28.717,15.253,0.031237,
176.75,0.1,0.026905,37.168,47.258,50.975,139.37,26.919,35.584,520.54,28.654,15.263,0.03126,
177,0.1,0.026889,37.189,47.265,50.984,139.39,26.92,35.583,520.69,28.591,15.273,0.031283,
177.25,0.1,0.026874,37.211,47.272,50.993,139.41,26.92,35.583,520.83,28.528,15.284,0.031306,
177.5,0.1,0.026859,37.232,47.278,51.002,139.43,26.921,35.582,520.97,28.465,15.294,0.031329,
177.75,0.1,0.026843,37.253,47.285,51.01,139.45,26.921,35.582,521.12,28.403,15.304,0.031352,
178,0.1,0.026828,37.274,47.292,51.019,139.47,26.922,35.581,521.26,28.341,15.314,0.031375,
178.25,0.1,0.026813,37.296,47.299,51.028,139.49,26.922,35.581,521.41,28.279,15.324,0.031398,
178.5,0.1,0.026798,37.317,47.305,51.037,139.51,26.923,35.58,521.55,28.217,15.334,0.031422,
178.75,0.1,0.026782,37.338,47.312,51.046,139.52,26.923,35.58,521.69,28.156,15.344,0.031445,
179,0.1,0.026767,37.359,47.319,51.055,139.54,26.924,35.58,521.84,28.094,15.354,0.031468,
179.25,0.1,0.026752,37.38,47.326,51.064,139.56,26.924,35.579,521.98,28.033,15.364,0.031491,
179.5,0.1,0.026737,37.402,47.333,51.073,139.58,26.925,35.579,522.12,27.972,15.374,0.031514,
179.75,0.1,0.026722,37.423,47.339,51.082,139.6,26.926,35.578,522.27,27.912,15.384,0.031537,
180,0.1,0.026707,37.444,47.346,51.09,139.62,26.926,35.578,522.41,27.851,15.394,0.03156,
180.25,0.1,0.026691,37.465,47.353,51.099,139.64,26.927,35.578,522.55,27.791,15.404,0.031583,
180.5,0.1,0.026676,37.486,47.36,51.108,139.66,26.927,35.577,522.7,27.731,15.415,0.031606,
180.75,0.1,0.026661,37.508,47.366,51.117,139.68,26.928,35.577,522.84,27.671,15.425,0.03163,
181,0.1,0.026646,37.529,47.373,51.126,139.7,26.929,35.577,522.98,27.611,15.435,0.031653,
181.25,0.1,0.026631,37.55,47.38,51.135,139.72,26.929,35.576,523.13,27.552,15.445,0.031676,
181.5,0.1,0.026616,37.571,47.387,51.144,139.74,26.93,35.576,523.27,27.493,15.455,0.031699,
181.75,0.1,0.026601,37.592,47.393,51.153,139.76,26.931,35.576,523.41,27.433,15.465,0.031722,
182,0.1,0.026586,37.614,47.4,51.162,139.78,26.931,35.575,523.56,27.375,15.475,0.031745,
182.25,0.1,0.026571,37.635,47.407,51.171,139.8,26.932,35.575,523.7,27.316,15.485,0.031769,
182.5,0.1,0.026556,37.656,47.414,51.179,139.82,26.933,35.575,523.84,27.257,15.495,0.031792,
182.75,0.1,0.026541,37.677,47.421,51.188,139.84,26.933,35.575,523.98,27.199,15.505,0.031815,
183,0.1,0.026526,37.698,47.427,51.197,139.86,26.934,35.574,524.13,27.141,15.515,0.031838,
183.25,0.1,0.026511,37.72,47.434,51.206,139.88,26.935,35.574,524.27,27.083,15.526,0.031861,
183.5,0.1,0.026497,37.741,47.441,51.215,139.9,26.935,35.574,524.41,27.025,15.536,0.031885,
183.75,0.1,0.026482,37.762,47.448,51.224,139.92,26.936,35.574,524.55,26.968,15.546,0.031908,
184,0.1,0.026467,37.783,47.454,51.233,139.94,26.937,35.574,524.7,26.91,15.556,0.031931,
184.25,0.1,0.026452,37.804,47.461,51.242,139.96,26.938,35.573,524.84,26.853,15.566,0.031954,
184.5,0.1,0.026437,37.826,47.468,51.251,139.97,26.938,35.573,524.98,26.796,15.576,0.031978,
184.75,0.1,0.026422,37.847,47.475,51.259,139.99,26.939,35.573,525.12,26.739,15.586,0.032001,
185,0.1,0.026408,37.868,47.482,51.268,140.01,26.94,35.573,525.27,26.683,15.596,0.032024,
185.25,0.1,0.026393,37.889,47.488,51.277,140.03,26.941,35.573,525.41,26.626,15.606,0.032047,
185.5,0.1,0.026378,37.91,47.495,51.286,140.05,26.942,35.573,525.55,26.57,15.616,0.032071,
185.75,0.1,0.026363,37.931,47.502,51.295,140.07,26.942,35.573,525.69,26.514,15.627,0.032094,
186,0.1,0.026349,37.953,47.509,51.304,140.09,26.943,35.573,525.83,26.458,15.637,0.032117,
186.25,0.1,0.026334,37.974,47.515,51.313,140.11,26.944,35.573,525.98,26.402,15.647,0.032141,
186.5,0.1,0.026319,37.995,47.522,51.322,140.13,26.945,35.573,526.12,26.347,15.657,0.032164,
186.75,0.1,0.026305,38.016,47.529,51.331,140.15,26.946,35.573,526.26,26.292,15.667,0.032187,
187,0.1,0.02629,38.037,47.536,51.34,140.17,26.947,35.573,526.4,26.236,15.677,0.032211,
187.25,0.1,0.026275,38.058,47.543,51.348,140.19,26.947,35.573,526.54,26.181,15.687,0.032234,
187.5,0.1,0.026261,38.08,47.549,51.357,140.21,26.948,35.573,526.68,26.127,15.697,0.032257,
187.75,0.1,0.026246,38.101,47.556,51.366,140.23,26.949,35.573,526.83,26.072,15.707,0.032281,
188,0.1,0.026232,38.122,47.563,51.375,140.25,26.95,35.573,526.97,26.018,15.718,0.032304,
188.25,0.1,0.026217,38.143,47.57,51.384,140.27,26.951,35.573,527.11,25.963,15.728,0.032328,
188.5,0.1,0.026202,38.164,47.576,51.393,140.28,26.952,35.573,527.25,25.909,15.738,0.032351,
188.75,0.1,0.026188,38.185,47.583,51.402,140.3,26.953,35.573,527.39,25.855,15.748,0.032374,
189,0.1,0.026173,38.207,47.59,51.411,140.32,26.954,35.573,527.53,25.802,15.758,0.032398,
189.25,0.1,0.026159,38.228,47.597,51.42,140.34,26.955,35.573,527.67,25.748,15.768,0.032421,
189.5,0.1,0.026144,38.249,47.604,51.428,140.36,26.956,35.573,527.82,25.695,15.778,0.032445,
189.75,0.1,0.02613,38.27,47.61,51.437,140.38,26.956,35.573,527.96,25.641,15.788,0.032468,
190,0.1,0.026116,38.291,47.617,51.446,140.4,26.957,35.573,528.1,25.588,15.798,0.032491,
190.25,0.1,0.026101,38.312,47.624,51.455,140.42,26.958,35.574,528.24,25.535,15.809,0.032515,
190.5,0.1,0.026087,38.334,47.631,51.464,140.44,26.959,35.574,528.38,25.483,15.819,0.032538,
190.75,0.1,0.026072,38.355,47.637,51.473,140.46,26.96,35.574,528.52,25.43,15.829,0.032562,
191,0.1,0.026058,38.376,47.644,51.482,140.48,26.961,35.574,528.66,25.378,15.839,0.032585,
191.25,0.1,0.026044,38.397,47.651,51.491,140.5,26.962,35.574,528.8,25.325,15.849,0.032609,
191.5,0.1,0.026029,38.418,47.658,51.5,140.51,26.963,35.574,528.94,25.273,15.859,0.032632,
191.75,0.1,0.026015,38.439,47.665,51.508,140.53,26.964,35.575,529.08,25.222,15.869,0.032656,
192,0.1,0.026001,38.461,47.671,51.517,140.55,26.965,35.575,529.22,25.17,15.879,0.032679,
192.25,0.1,0.025986,38.482,47.678,51.526,140.57,26.966,35.575,529.36,25.118,15.89,0.032703,
192.5,0.1,0.025972,38.503,47.685,51.535,140.59,26.967,35.575,529.5,25.067,15.9,0.032726,
192.75,0.1,0.025958,38.524,47.692,51.544,140.61,26.968,35.576,529.65,25.016,15.91,0.03275,
193,0.1,0.025944,38.545,47.698,51.553,140.63,26.97,35.576,529.79,24.965,15.92,0.032773,
193.25,0.1,0.025929,38.566,47.705,51.562,140.65,26.971,35.576,529.93,24.914,15.93,0.032797,
193.5,0.1,0.025915,38.587,47.712,51.571,140.67,26.972,35.576,530.07,24.863,15.94,0.03282,
193.75,0.1,0.025901,38.609,47.719,51.58,140.69,26.973,35.577,530.21,24.812,15.95,0.032844,
194,0.1,0.025887,38.63,47.726,51.589,140.71,26.974,35.577,530.35,24.762,15.96,0.032868,
194.25,0.1,0.025873,38.651,47.732,51.597,140.72,26.975,35.577,530.49,24.712,15.971,0.032891,
194.5,0.1,0.025858,38.672,47.739,51.606,140.74,26.976,35.578,530.63,24.662,15.981,0.032915,
194.75,0.1,0.025844,38.693,47.746,51.615,140.76,26.977,35.578,530.77,24.612,15.991,0.032938,
195,0.1,0.02583,38.714,47.753,51.624,140.78,26.978,35.578,530.91,24.562,16.001,0.032962,
195.25,0.1,0.025816,38.735,47.759,51.633,140.8,26.979,35.579,531.05,24.512,16.011,0.032986,
195.5,0.1,0.025802,38.757,47.766,51.642,140.82,26.98,35.579,531.19,24.463,16.021,0.033009,
195.75,0.1,0.025788,38.778,47.773,51.651,140.84,26.982,35.579,531.33,24.413,16.031,0.033033,
196,0.1,0.025774,38.799,47.78,51.66,140.86,26.983,35.58,531.47,24.364,16.042,0.033056,
196.25,0.1,0.02576,38.82,47.787,51.669,140.88,26.984,35.58,531.61,24.315,16.052,0.03308,
196.5,0.1,0.025746,38.841,47.793,51.677,140.9,26.985,35.581,531.74,24.266,16.062,0.033104,
196.75,0.1,0.025732,38.862,47.8,51.686,140.91,26.986,35.581,531.88,24.218,16.072,0.033127,
197,0.1,0.025718,38.883,47.807,51.695,140.93,26.987,35.582,532.02,24.169,16.082,0.033151,
197.25,0.1,0.025704,38.905,47.814,51.704,140.95,26.989,35.582,532.16,24.121,16.092,0.033175,
197.5,0.1,0.02569,38.926,47.82,51.713,140.97,26.99,35.582,532.3,24.072,16.102,0.033198,
197.75,0.1,0.025676,38.947,47.827,51.722,140.99,26.991,35.583,532.44,24.024,16.113,0.033222,
198,0.1,0.025662,38.968,47.834,51.731,141.01,26.992,35.583,532.58,23.976,16.123,0.033246,
198.25,0.1,0.025648,38.989,47.841,51.74,141.03,26.993,35.584,532.72,23.928,16.133,0.033269,
198.5,0.1,0.025634,39.01,47.848,51.749,141.05,26.995,35.584,532.86,23.881,16.143,0.033293,
198.75,0.1,0.02562,39.031,47.854,51.758,141.07,26.996,35.585,533,23.833,16.153,0.033317,
199,0.1,0.025607,39.052,47.861,51.766,141.08,26.997,35.585,533.14,23.786,16.163,0.033341,
199.25,0.1,0.025593,39.074,47.868,51.775,141.1,26.998,35.586,533.28,23.739,16.174,0.033364,
199.5,0.1,0.025579,39.095,47.875,51.784,141.12,27,35.586,533.42,23.691,16.184,0.033388,
199.75,0.1,0.025565,39.116,47.882,51.793,141.14,27.001,35.587,533.55,23.644,16.194,0.033412,
200,0.1,0.025551,39.137,47.888,51.802,141.16,27.002,35.588,533.69,23.598,16.204,0.033436,
